[{
  "_id": {
    "$oid": "66ebdc66e468030d75641d92"
  },
  "test_id": "T001",
  "student_id": "S001",
  "job_id": "J001",
  "test_date": "2024-09-15",
  "score": 85,
  "result": "Qualified"
},
{
  "_id": {
    "$oid": "66ebdc78e468030d75641d94"
  },
  "test_id": "T002",
  "student_id": "S002",
  "job_id": "J003",
  "test_date": "2024-09-10",
  "score": 78,
  "result": "Qualified"
},
{
  "_id": {
    "$oid": "66ebdc8be468030d75641d96"
  },
  "test_id": "T003",
  "student_id": "S003",
  "job_id": "J001",
  "test_date": "2024-09-15",
  "score": 65,
  "result": "Not Qualified"
}]