[{
  "_id": 5001,
  "company_name": "TechCorp",
  "company_email": "techcrophr@gmail.com",
  "contact_number": "987654321",
  "website": "https://www.techcorp.com",
  "address": "123 Tech Avenue, Silicon Valley, CA",
  "industry_type": "Technology",
  "posted_positions": [
    "J001"
  ],
  "password": "techcrop"
},
{
  "_id": 5002,
  "company_name": "DataSolutions",
  "company_email": "careersdatasolutions@gmail.com",
  "contact_number": "123456789",
  "website": "https://www.datasolutions.com",
  "address": "456 Data Street, New York, NY",
  "industry_type": "DataAnalytics",
  "posted_positions": [
    "J002"
  ],
  "password": "datasolutions"
},
{
  "_id": 5003,
  "company_name": "AutoMechanicsLtd.",
  "company_email": "automechinfo@gmail.com",
  "contact_number": "+9988776655",
  "website": "https://www.automechanics.com",
  "address": "789 Industry Road, Detroit, MI",
  "industry_type": "Automotive",
  "posted_positions": [
    "J003"
  ],
  "password": "automech"
}]